{"stats":{"minecraft:broken":{"minecraft:bow":6,"minecraft:stone_axe":3},"minecraft:crafted":{"minecraft:cooked_beef":10,"minecraft:wooden_sword":2,"minecraft:potion":2,"minecraft:arrow":7,"minecraft:bow":8,"minecraft:snowball":2,"minecraft:stone_axe":15,"minecraft:air":0,"minecraft:heart_of_the_sea":8},"minecraft:custom":{"minecraft:time_since_rest":15292,"minecraft:walk_one_cm":398176,"minecraft:sprint_one_cm":530704,"minecraft:open_enderchest":2,"minecraft:damage_taken":43351,"minecraft:damage_absorbed":740,"minecraft:mob_kills":150,"minecraft:drop":20,"minecraft:damage_dealt":9508,"minecraft:traded_with_villager":46,"minecraft:talked_to_villager":92,"minecraft:fly_one_cm":2551601,"minecraft:player_kills":8,"minecraft:crouch_one_cm":9952,"minecraft:play_time":181946,"minecraft:deaths":53,"minecraft:sneak_time":1735,"minecraft:jump":6519,"minecraft:damage_dealt_resisted":30,"minecraft:leave_game":3,"minecraft:time_since_death":15292,"minecraft:total_world_time":181946,"minecraft:damage_resisted":870,"minecraft:fall_one_cm":155337},"minecraft:killed_by":{"minecraft:husk":17,"minecraft:warden":28,"minecraft:player":4},"minecraft:dropped":{"minecraft:cobblestone":1152,"minecraft:redstone":1},"minecraft:picked_up":{"minecraft:redstone":3,"minecraft:arrow":1,"minecraft:oak_sign":1,"minecraft:emerald":1,"minecraft:snowball":1,"minecraft:cobblestone":2944},"minecraft:killed":{"minecraft:skeleton":145,"minecraft:player":7},"minecraft:used":{"minecraft:netherite_sword":14,"minecraft:stone_axe":3,"minecraft:wooden_sword":6,"minecraft:potion":2,"minecraft:cobblestone":38,"minecraft:bow":6,"minecraft:minecart":63,"minecraft:cooked_beef":13,"minecraft:snowball":3}},"DataVersion":3700}