{"stats":{"minecraft:custom":{"minecraft:jump":40,"minecraft:time_since_rest":4634,"minecraft:leave_game":1,"minecraft:crouch_one_cm":44,"minecraft:damage_dealt":17,"minecraft:deaths":29,"minecraft:sprint_one_cm":6480,"minecraft:play_time":11726,"minecraft:damage_taken":64105,"minecraft:time_since_death":4633,"minecraft:walk_one_cm":3532,"minecraft:sneak_time":74,"minecraft:total_world_time":11726,"minecraft:fall_one_cm":14559,"minecraft:fly_one_cm":20908,"minecraft:player_kills":1},"minecraft:killed_by":{"minecraft:player":7}},"DataVersion":3700}