{"stats":{"minecraft:killed":{"minecraft:skeleton":31,"minecraft:player":26},"minecraft:used":{"minecraft:stone_axe":1,"minecraft:potion":2,"minecraft:stone_button":1,"minecraft:stone":16,"minecraft:snowball":2130},"minecraft:custom":{"minecraft:time_since_rest":32352,"minecraft:crouch_one_cm":788,"minecraft:play_time":54457,"minecraft:sprint_one_cm":147967,"minecraft:deaths":6,"minecraft:damage_taken":13727,"minecraft:walk_one_cm":121977,"minecraft:sneak_time":588,"minecraft:mob_kills":31,"minecraft:drop":6,"minecraft:jump":1929,"minecraft:damage_dealt":7982,"minecraft:leave_game":3,"minecraft:time_since_death":32351,"minecraft:traded_with_villager":76,"minecraft:total_world_time":54457,"minecraft:talked_to_villager":16,"minecraft:fall_one_cm":51173,"minecraft:fly_one_cm":509101,"minecraft:player_kills":33},"minecraft:crafted":{"minecraft:potion":2,"minecraft:end_crystal":73,"minecraft:stone_axe":1,"minecraft:air":0},"minecraft:killed_by":{"minecraft:player":3},"minecraft:picked_up":{"minecraft:stone":2,"minecraft:snowball":2},"minecraft:dropped":{"minecraft:stone":3,"minecraft:stone_button":1,"minecraft:glass_bottle":2},"minecraft:broken":{"minecraft:stone_axe":1}},"DataVersion":3700}