{"stats":{"minecraft:used":{"minecraft:potion":2},"minecraft:killed":{"minecraft:skeleton":566,"minecraft:player":1},"minecraft:dropped":{"minecraft:stone_axe":1,"minecraft:heart_of_the_sea":61,"minecraft:stick":2,"minecraft:emerald":4},"minecraft:killed_by":{"minecraft:skeleton":43,"minecraft:warden":11,"minecraft:player":65},"minecraft:picked_up":{"minecraft:stone_axe":1,"minecraft:bow":1,"minecraft:oak_button":1,"minecraft:cobblestone":2304,"minecraft:paper":1},"minecraft:crafted":{"minecraft:armor_stand":2,"minecraft:potion":2,"minecraft:paper":1,"minecraft:end_crystal":4,"minecraft:stone_axe":1,"minecraft:air":0,"minecraft:heart_of_the_sea":4},"minecraft:custom":{"minecraft:time_since_rest":56498,"minecraft:crouch_one_cm":341,"minecraft:deaths":304,"minecraft:play_time":4540170,"minecraft:sprint_one_cm":74504,"minecraft:damage_taken":209864,"minecraft:walk_one_cm":419588,"minecraft:sneak_time":404,"minecraft:mob_kills":656,"minecraft:drop":7,"minecraft:jump":2339,"minecraft:damage_dealt":857,"minecraft:leave_game":58,"minecraft:time_since_death":56497,"minecraft:traded_with_villager":14,"minecraft:total_world_time":4540170,"minecraft:damage_resisted":374007,"minecraft:talked_to_villager":8,"minecraft:fall_one_cm":97800,"minecraft:fly_one_cm":638070}},"DataVersion":3700}