{"stats":{"minecraft:custom":{"minecraft:jump":83,"minecraft:time_since_rest":3266,"minecraft:leave_game":1,"minecraft:damage_dealt":10,"minecraft:crouch_one_cm":15,"minecraft:damage_taken":74758,"minecraft:sprint_one_cm":8834,"minecraft:play_time":12569,"minecraft:deaths":30,"minecraft:time_since_death":3265,"minecraft:walk_one_cm":4190,"minecraft:sneak_time":29,"minecraft:total_world_time":12569,"minecraft:fall_one_cm":8109,"minecraft:fly_one_cm":17471},"minecraft:killed_by":{"minecraft:player":10}},"DataVersion":3700}