{"stats":{"minecraft:broken":{"minecraft:stone_axe":3,"minecraft:iron_boots":2,"minecraft:iron_helmet":2,"minecraft:iron_chestplate":3,"minecraft:iron_leggings":1,"minecraft:bow":5},"minecraft:crafted":{"minecraft:arrow":7,"minecraft:snowball":1,"minecraft:stone_axe":15,"minecraft:air":0,"minecraft:bow":7},"minecraft:custom":{"minecraft:interact_with_furnace":3,"minecraft:mob_kills":377,"minecraft:inspect_hopper":1,"minecraft:traded_with_villager":30,"minecraft:tune_noteblock":3,"minecraft:damage_dealt_resisted":522300,"minecraft:leave_game":11,"minecraft:time_since_death":2814,"minecraft:time_since_rest":2815,"minecraft:open_enderchest":2,"minecraft:sprint_one_cm":296280,"minecraft:damage_taken":40517,"minecraft:walk_one_cm":627832,"minecraft:drop":835,"minecraft:minecart_one_cm":16,"minecraft:damage_dealt":96960,"minecraft:talked_to_villager":9,"minecraft:fly_one_cm":1538953,"minecraft:player_kills":13,"minecraft:open_chest":3,"minecraft:crouch_one_cm":59799,"minecraft:play_time":516515,"minecraft:deaths":130,"minecraft:sneak_time":8424,"minecraft:jump":2534,"minecraft:total_world_time":516515,"minecraft:fall_one_cm":60182},"minecraft:killed_by":{"minecraft:husk":1,"minecraft:warden":23,"minecraft:player":10,"minecraft:skeleton":11},"minecraft:killed":{"minecraft:skeleton":359,"minecraft:warden":17,"minecraft:player":12},"minecraft:picked_up":{"minecraft:powder_snow_bucket":1,"minecraft:string":1,"minecraft:wooden_sword":1,"minecraft:leather_boots":2,"minecraft:oak_sign":1,"minecraft:oak_slab":1,"minecraft:stone":1,"minecraft:redstone":3,"minecraft:painting":1,"minecraft:emerald":8,"minecraft:netherite_chestplate":1,"minecraft:obsidian":1,"minecraft:cobblestone":2162},"minecraft:used":{"minecraft:oak_fence":16,"minecraft:oak_trapdoor":53,"minecraft:netherite_sword":18,"minecraft:iron_bars":12,"minecraft:stone_sword":79,"minecraft:spruce_slab":4,"minecraft:netherite_chestplate":3,"minecraft:dispenser":2,"minecraft:redstone":26,"minecraft:oak_planks":708,"minecraft:oak_sign":2,"minecraft:copper_block":1,"minecraft:chest":2,"minecraft:ender_chest":1,"minecraft:stone":57,"minecraft:iron_sword":47,"minecraft:redstone_block":7,"minecraft:stripped_birch_wood":47,"minecraft:leather_boots":3,"minecraft:iron_chestplate":4,"minecraft:diamond_block":3,"minecraft:rail":1,"minecraft:oak_slab":25,"minecraft:hopper":1,"minecraft:spruce_stairs":101,"minecraft:note_block":5,"minecraft:stone_brick_wall":8,"minecraft:painting":27,"minecraft:snowball":1,"minecraft:spruce_log":173,"minecraft:dark_oak_door":6,"minecraft:oak_fence_gate":6,"minecraft:polished_diorite":11,"minecraft:obsidian":37,"minecraft:birch_fence":10,"minecraft:sticky_piston":28,"minecraft:piston":4,"minecraft:netherite_block":2,"minecraft:acacia_stairs":64,"minecraft:sea_lantern":10,"minecraft:lantern":13,"minecraft:birch_slab":5,"minecraft:heavy_weighted_pressure_plate":2,"minecraft:iron_block":1,"minecraft:oak_stairs":80,"minecraft:slime_block":41,"minecraft:string":20,"minecraft:oak_button":4,"minecraft:stone_button":3,"minecraft:iron_helmet":3,"minecraft:iron_boots":3,"minecraft:stone_axe":3,"minecraft:cobblestone":2,"minecraft:magma_block":1,"minecraft:bow":5,"minecraft:emerald_block":1,"minecraft:furnace":5,"minecraft:minecart":123,"minecraft:lapis_block":1,"minecraft:gold_block":1,"minecraft:stone_pressure_plate":1,"minecraft:observer":51,"minecraft:powder_snow_bucket":161,"minecraft:iron_leggings":3,"minecraft:birch_stairs":21},"minecraft:dropped":{"minecraft:snow_block":1,"minecraft:oak_slab":1,"minecraft:obsidian":2,"minecraft:cobblestone":9138,"minecraft:oak_sign":1,"minecraft:stick":1,"minecraft:emerald":6,"minecraft:stone":3,"minecraft:leather_boots":2,"minecraft:iron_leggings":1},"minecraft:mined":{"minecraft:redstone_wire":2}},"DataVersion":3700}