{"stats":{"minecraft:custom":{"minecraft:time_since_rest":22039,"minecraft:crouch_one_cm":5,"minecraft:play_time":78964,"minecraft:sprint_one_cm":39733,"minecraft:deaths":60,"minecraft:damage_taken":36120,"minecraft:walk_one_cm":65994,"minecraft:sneak_time":33,"minecraft:mob_kills":16,"minecraft:drop":1,"minecraft:jump":476,"minecraft:damage_dealt":1040,"minecraft:leave_game":3,"minecraft:time_since_death":22037,"minecraft:total_world_time":78964,"minecraft:talked_to_villager":5,"minecraft:fall_one_cm":4180,"minecraft:fly_one_cm":240397},"minecraft:killed_by":{"minecraft:skeleton":5,"minecraft:warden":7,"minecraft:player":2},"minecraft:dropped":{"minecraft:stick":3},"minecraft:killed":{"minecraft:skeleton":15},"minecraft:picked_up":{"minecraft:stick":3,"minecraft:bow":1}},"DataVersion":3700}