{"stats":{"minecraft:used":{"minecraft:netherite_sword":44,"minecraft:end_rod":2,"minecraft:sea_lantern":3,"minecraft:snow_block":14,"minecraft:oak_planks":13,"minecraft:stone":35,"minecraft:beacon":2,"minecraft:diamond_block":90,"minecraft:powder_snow_bucket":31,"minecraft:spruce_log":6,"minecraft:obsidian":4},"minecraft:killed":{"minecraft:skeleton":10,"minecraft:player":11},"minecraft:dropped":{"minecraft:snow_block":2,"minecraft:sea_lantern":2,"minecraft:stone":3,"minecraft:powder_snow_bucket":2,"minecraft:netherite_sword":2,"minecraft:obsidian":2,"minecraft:oak_planks":2,"minecraft:spruce_log":2},"minecraft:picked_up":{"minecraft:stone":1,"minecraft:powder_snow_bucket":1,"minecraft:snow_block":1,"minecraft:spruce_log":1,"minecraft:sea_lantern":1,"minecraft:obsidian":1,"minecraft:oak_planks":1},"minecraft:killed_by":{"minecraft:player":9,"minecraft:skeleton":1},"minecraft:custom":{"minecraft:time_since_rest":40705,"minecraft:walk_one_cm":177237,"minecraft:damage_taken":1008746,"minecraft:sprint_one_cm":271144,"minecraft:mob_kills":10,"minecraft:drop":17,"minecraft:damage_dealt":7249,"minecraft:fly_one_cm":613495,"minecraft:player_kills":15,"minecraft:crouch_one_cm":198671,"minecraft:play_time":194376,"minecraft:deaths":36,"minecraft:sneak_time":3903,"minecraft:jump":2075,"minecraft:leave_game":4,"minecraft:time_since_death":40703,"minecraft:total_world_time":194376,"minecraft:damage_resisted":1001271,"minecraft:fall_one_cm":31008}},"DataVersion":3700}