{"stats":{"minecraft:broken":{"minecraft:stone_axe":28,"minecraft:bow":14},"minecraft:killed":{"minecraft:skeleton":878,"minecraft:zombie":1,"minecraft:warden":1,"minecraft:player":44,"minecraft:villager":12},"minecraft:used":{"minecraft:oak_fence":1,"minecraft:netherite_sword":329,"minecraft:end_rod":2,"minecraft:cow_spawn_egg":55,"minecraft:mud_brick_slab":5,"minecraft:oak_planks":15,"minecraft:oak_sign":27,"minecraft:stone":286,"minecraft:composter":2,"minecraft:debug_stick":28,"minecraft:diamond_block":26,"minecraft:anvil":1,"minecraft:oak_slab":3,"minecraft:spruce_stairs":21,"minecraft:cobblestone_wall":167,"minecraft:oak_fence_gate":1,"minecraft:allay_spawn_egg":27,"minecraft:snowball":2134,"minecraft:mud_brick_stairs":11,"minecraft:polished_diorite":327,"minecraft:obsidian":2,"minecraft:wooden_axe":4,"minecraft:lever":1,"minecraft:sea_lantern":1,"minecraft:villager_spawn_egg":24,"minecraft:command_block":26,"minecraft:lantern":14,"minecraft:slime_block":8,"minecraft:barrier":5,"minecraft:oak_button":19,"minecraft:oak_pressure_plate":2,"minecraft:mud_bricks":4,"minecraft:item_frame":2,"minecraft:stone_axe":64,"minecraft:wooden_sword":54,"minecraft:bow":44,"minecraft:cobblestone":230,"minecraft:potion":6,"minecraft:mud_brick_wall":51,"minecraft:goat_horn":5,"minecraft:repeating_command_block":11,"minecraft:cooked_beef":2,"minecraft:smooth_stone":7},"minecraft:dropped":{"minecraft:polished_diorite":2,"minecraft:stone_axe":4,"minecraft:acacia_boat":3,"minecraft:anvil":1,"minecraft:repeating_command_block":3,"minecraft:goat_horn":2,"minecraft:diamond_block":1,"minecraft:lever":1,"minecraft:cooked_beef":405,"minecraft:oak_pressure_plate":3,"minecraft:allay_spawn_egg":41,"minecraft:cobblestone_wall":4,"minecraft:crossbow":1,"minecraft:oak_fence":2,"minecraft:barrier":2,"minecraft:cobblestone":1,"minecraft:oak_planks":1,"minecraft:lantern":1,"minecraft:villager_spawn_egg":3,"minecraft:slime_block":1,"minecraft:command_block":3,"minecraft:spruce_stairs":1,"minecraft:oak_sign":5,"minecraft:end_rod":2,"minecraft:emerald":3338,"minecraft:oak_fence_gate":2,"minecraft:sea_lantern":1,"minecraft:stone":19,"minecraft:oak_button":7,"minecraft:wooden_axe":1,"minecraft:mud_brick_stairs":1,"minecraft:snowball":4,"minecraft:potion":4,"minecraft:wooden_sword":72,"minecraft:bow":4,"minecraft:spruce_slab":1,"minecraft:cow_spawn_egg":6,"minecraft:heart_of_the_sea":65,"minecraft:arrow":11,"minecraft:paper":73,"minecraft:bone":6,"minecraft:armor_stand":5},"minecraft:killed_by":{"minecraft:husk":1,"minecraft:warden":8,"minecraft:player":12,"minecraft:skeleton":18},"minecraft:picked_up":{"minecraft:cooked_beef":67,"minecraft:potion":1,"minecraft:cobblestone_wall":1,"minecraft:acacia_boat":2,"minecraft:paper":2,"minecraft:lantern":1,"minecraft:wooden_sword":71,"minecraft:armor_stand":3,"minecraft:bone":6,"minecraft:oak_sign":1,"minecraft:bow":2,"minecraft:heart_of_the_sea":98,"minecraft:oak_fence_gate":1,"minecraft:stone":6,"minecraft:oak_fence":1,"minecraft:oak_pressure_plate":1,"minecraft:arrow":10,"minecraft:allay_spawn_egg":17,"minecraft:stone_axe":2,"minecraft:cow_spawn_egg":1,"minecraft:emerald":441,"minecraft:oak_button":4,"minecraft:snowball":1,"minecraft:cobblestone":2249},"minecraft:crafted":{"minecraft:cooked_beef":1615,"minecraft:wooden_sword":11,"minecraft:arrow":25,"minecraft:emerald":3,"minecraft:snowball":9,"minecraft:stone_axe":283,"minecraft:heart_of_the_sea":27,"minecraft:sunflower":5,"minecraft:air":0,"minecraft:potion":7,"minecraft:bow":19,"minecraft:paper":22,"minecraft:armor_stand":13,"minecraft:end_crystal":74},"minecraft:custom":{"minecraft:interact_with_furnace":1,"minecraft:interact_with_anvil":1,"minecraft:mob_kills":907,"minecraft:traded_with_villager":821,"minecraft:leave_game":45,"minecraft:time_since_death":1122158,"minecraft:damage_resisted":158370,"minecraft:time_since_rest":1122159,"minecraft:sprint_one_cm":1645883,"minecraft:damage_taken":89306,"minecraft:walk_one_cm":2122693,"minecraft:drop":1565,"minecraft:damage_dealt":61618,"minecraft:talked_to_villager":520,"minecraft:fly_one_cm":9491779,"minecraft:player_kills":50,"minecraft:crouch_one_cm":6461,"minecraft:play_time":7344399,"minecraft:deaths":285,"minecraft:sneak_time":7881,"minecraft:jump":29018,"minecraft:total_world_time":7381836,"minecraft:fall_one_cm":502870}},"DataVersion":3700}